{"cameraMode":{"drawMode":0,"name":"Shaded","section":"Shading Mode"},"sceneLighting":false,"audioPlay":false,"sceneViewState":{"m_AlwaysRefresh":false,"showFog":true,"showSkybox":true,"showFlares":true,"showImageEffects":true,"showParticleSystems":true,"showVisualEffectGraphs":true,"m_FxEnabled":true},"in2DMode":false,"pivot":{"x":0.00414719432592392,"y":-3.3445117473602297,"z":0.7540675401687622},"rotation":{"x":0.07516170293092728,"y":-0.855167031288147,"z":0.1295187771320343,"w":0.4962976574897766},"size":33.85527038574219,"orthographic":true}